{
  "gene_means": {
    "ks_stat": 0.019960474308300395,
    "ks_pvalue": 0.26576116150742746,
    "mw_stat": 12592089.5,
    "mw_pvalue": 0.15355756263187495,
    "cohens_d": -0.01239611767232418,
    "train_mean": 0.2510286867618561,
    "test_mean": 0.25758224725723267,
    "train_std": 0.5281893610954285,
    "test_std": 0.529167115688324
  },
  "gene_vars": {
    "ks_stat": 0.029051383399209485,
    "ks_pvalue": 0.02794302508569695,
    "mw_stat": 12410996.0,
    "mw_pvalue": 0.007827542094033638,
    "cohens_d": -0.061780594289302826,
    "train_mean": 0.09642046689987183,
    "test_mean": 0.104716956615448,
    "train_std": 0.13008470833301544,
    "test_std": 0.13836674392223358
  },
  "cell_means": {
    "ks_stat": 0.12833205864959002,
    "ks_pvalue": 2.1533446827599312e-135,
    "mw_stat": 265042435.0,
    "mw_pvalue": 2.474982730860133e-125,
    "cohens_d": -0.2200145423412323,
    "train_mean": 0.2510286867618561,
    "test_mean": 0.25758224725723267,
    "train_std": 0.02963198721408844,
    "test_std": 0.03051740489900112
  },
  "cell_zeros": {
    "ks_stat": 0.051128149955035784,
    "ks_pvalue": 8.620076427902038e-22,
    "mw_stat": 297259677.5,
    "mw_pvalue": 3.045462926844691e-10,
    "cohens_d": -0.052481702727686694,
    "train_mean": 0.7926070508994258,
    "test_mean": 0.7948843396099746,
    "train_std": 0.043138291272897034,
    "test_std": 0.04458610650689991
  },
  "n_genes_expressed": {
    "ks_stat": 0.05112814995503584,
    "ks_pvalue": 8.620076427901116e-22,
    "mw_stat": 320421639.5,
    "mw_pvalue": 3.045462926844691e-10,
    "cohens_d": 0.05248170272768445,
    "train_mean": 1049.4083224489045,
    "test_mean": 1037.8852415735282,
    "train_std": 218.279753840859,
    "test_std": 225.60569892491358
  },
  "total_expression": {
    "ks_stat": 0.12833205864959002,
    "ks_pvalue": 2.1533446827599312e-135,
    "mw_stat": 265042435.5,
    "mw_pvalue": 2.4749987813153345e-125,
    "cohens_d": -0.22001610696315765,
    "train_mean": 1270.2049560546875,
    "test_mean": 1303.3662109375,
    "train_std": 149.93785095214844,
    "test_std": 154.41806030273438
  }
}